Study_Hours,Attendance,Math_Score,Science_Score,Pass_Fail
5.745156066221912,77.59506025536011,100.0,85.25861026637031,1.0
4.182327247645249,87.62733858914409,75.5921475186283,62.948402567676546,1.0
6.195630397911645,77.88193366364483,100.0,76.10564560431561,1.0
9.597617861010397,84.66045072587806,100.0,86.25321778526079,1.0
3.9865385084920133,86.33537013925773,74.34952514288554,70.70215094689013,1.0
3.986571233670779,82.10006784055754,83.5874010417719,90.88209781121259,1.0
9.87105174705607,88.72752226697925,100.0,84.10182138262618,1.0
6.577911965962567,84.15784751061774,100.0,86.4302153610525,1.0
3.5440240081639787,78.74148877539055,78.793159927334,60.90292156044451,1.0
5.87837299324819,95.14609200897635,95.16904956496874,90.5454732165287,1.0
3.5547728084135435,54.23886105422925,97.66628961863253,82.39893317871486,1.0
3.5506657574521694,68.00688984011029,66.29364797739653,71.91408897373105,1.0
5.058050517205533,85.90475063280726,93.78618946286095,91.72425996263378,1.0
1.7217821319916264,96.07083636891977,52.40951107355598,58.712078376011405,1.0
1.8918233202612178,73.01439178233295,79.38695779081269,66.41317681332588,1.0
3.3833158028394976,79.84065963921601,81.62252109165111,74.74124419511946,1.0
2.700898349838071,64.17205624122666,74.99287880760771,64.44131871651663,1.0
5.24420504648626,87.71773787893324,100.0,95.17072784169048,1.0
2.846209082158917,89.45984983518201,72.80625985075933,75.46620378226768,1.0
2.2118917599154013,86.31599020261986,89.24709714814296,77.364842494986,1.0
9.326169604874384,81.85659986794408,100.0,74.67536973497378,1.0
4.003271291486994,91.56822598505516,86.34633236369528,89.42317625336112,1.0
4.635592869830878,81.7385145137378,100.0,91.0026945573332,1.0
2.1981715625994505,81.8761105534876,69.35201122321364,62.36570940236572,1.0
3.4137405914845704,80.07901876423131,68.23623985627705,68.12415843706957,1.0
4.7372713000851165,82.24975821323413,94.45490424256515,83.16727506244266,1.0
2.5206157358211763,70.10042694115027,70.76739346758268,74.10620422529372,1.0
5.4078359801845295,67.21189742835102,95.71494276909695,65.00459756959785,1.0
3.3190568294093845,55.57063703694672,75.40268598686374,60.71847986608651,1.0
3.8734792149072192,64.03357450621168,100.0,95.59915102507185,1.0
3.317285055061695,81.46704718550258,87.02751227717498,81.7182552588615,1.0
11.315111036551686,80.85771604396929,100.0,100.0,1.0
4.451545715356664,53.097648002076255,84.8989799221259,60.274358800595664,1.0
2.6409654089553656,64.80728850316106,64.77831663308737,66.88385307130126,1.0
6.761687276672524,68.09991744133362,96.19664681891277,89.05543164913632,1.0
2.4341026693785444,72.23025020217692,62.878794393062975,45.007377832948784,1.0
4.975031973889559,61.445855404821245,100.0,79.92515276469958,1.0
1.682305102957155,67.99449383620689,56.13913876691016,52.04406306252582,1.0
2.3069054065399524,75.18443052368472,78.01615719584517,56.69174791168932,1.0
4.945265320509677,88.2247322623119,90.98870731155102,79.14022295838458,1.0
6.483323664106026,58.85415008291319,83.53959363386349,77.23401068651593,1.0
4.882630641952127,82.91769341321056,94.64290534531477,79.70618794816454,1.0
4.229889453557273,44.12814619922565,84.49231814335293,69.90731718558439,1.0
3.8552974061792726,74.57598191561388,89.81743656846182,79.78236424286726,1.0
2.139857000952559,93.02768653333999,45.6872603086987,50.48947223364695,1.0
3.127011936804129,43.86040673506049,60.86219386125536,45.73416085768742,1.0
3.5597154593478226,74.27435969266331,91.59374418549349,84.24100466744929,1.0
7.603138428040757,89.49930238319995,98.64384105607044,74.25427912368136,1.0
5.321786976464775,89.6572071714674,98.7954961881628,87.15699387407291,1.0
1.8561044733840515,57.122658494305654,51.14970197455651,58.31321380519539,1.0
5.270061249055469,82.98156923594513,100.0,83.0173278484593,1.0
3.6967677611533887,77.16188959761007,92.90453052281158,74.64697951347189,1.0
3.194846362590071,62.15469069202935,84.30563202416569,77.24900966552487,1.0
6.085069478810694,63.79653600007772,100.0,84.0667612847126,1.0
7.504476890931506,73.87479574576703,100.0,90.73853740560887,1.0
7.139480820971915,84.08385938297451,92.7150245420878,82.02527694161854,1.0
2.9458318481449917,81.03848405391581,70.33455912260247,46.335548590595444,1.0
3.839698362470719,60.63549885812797,90.3483995921966,84.8102867695688,1.0
5.289013347432122,43.08705456046769,97.17588476613797,93.20074130821631,1.0
7.299257010282984,78.87980333985945,97.026064993119,93.96653421784546,1.0
3.5268773677192584,82.04352567652063,75.79799635422427,41.156440782703044,1.0
4.0843823267121895,92.21270039122787,82.87643573394809,80.06475079205376,1.0
2.5775324150706673,49.97279253811343,53.7782556946745,43.90537100929446,1.0
2.4642726376809465,63.321197390940384,58.18305030930782,44.718424665809884,1.0
6.7278990035640245,88.73120108419815,91.32810493657878,82.65777096555097,1.0
8.829690952490477,88.73969141053276,100.0,86.5563599229088,1.0
4.323195981267942,95.33203087742473,94.43548668314978,89.2405092879285,1.0
7.40212002427021,55.402562236239206,100.0,81.53315396169147,1.0
5.369946858759288,84.08589036913068,90.66574171086482,71.31670041631969,1.0
3.246054058052084,82.29979327516645,76.18546693951713,65.17697129875151,1.0
5.369301377481934,94.340973758864,99.35777840229947,82.5149711827823,1.0
9.669903046820487,56.36519691481796,90.90558987713564,61.17508688300297,1.0
4.402123246019273,76.60172684186124,97.91560524387576,72.8881118874542,1.0
9.799406551827802,84.74787912833851,100.0,85.26102646658616,1.0
1.2094037238670385,84.6746037695595,51.95269515352898,64.69183996384042,1.0
6.759515745363009,72.83870541634909,95.89372099889857,77.40888914490847,1.0
4.681055104125529,91.12361413359031,100.0,82.16527662869575,1.0
3.85934054171936,55.10355135943185,79.1812219327822,56.99727117145129,1.0
4.692100679560003,51.05750331974033,90.45856998441381,73.77679161300054,1.0
1.6590008817442117,81.68896419447768,63.51167700784039,70.23004142126481,1.0
4.015508767592269,77.7080097008545,100.0,100.0,1.0
5.357815230591997,87.75024594362671,100.0,89.83324420249883,1.0
9.383445525389606,80.28591653827927,100.0,87.17713324874734,1.0
3.458603486109703,69.03773094335,85.9339625409819,69.61353510932898,1.0
2.9914349795729955,93.28309105864489,75.1923661518535,68.27874154609833,1.0
3.4872779616411624,78.39551333799182,77.61013699319749,75.03959929124223,1.0
7.0830248761031465,73.5671795795187,100.0,82.1944332593991,1.0
5.282373666940414,97.212079295211,99.53923692980317,87.8216221325651,1.0
3.438790800528798,60.94104405348511,66.8366192180526,58.77106406533045,1.0
5.792903978589419,76.66455245969941,100.0,80.60628560468008,1.0
4.704590690505452,85.44695180931267,100.0,86.48955628924213,1.0
7.274117466604247,75.85834638644383,100.0,69.01642024696235,1.0
3.1549525399069753,67.47281194045564,74.88521456710941,70.30489964921541,1.0
3.8044404602945643,88.63226277305172,88.61426493788755,98.57061272290807,1.0
3.683804034982753,71.20545247693079,87.52160299778537,71.08986367253138,1.0
2.155973854103319,89.56967327502554,51.27019152879306,56.79376588517361,1.0
5.196888798413316,65.03851561376524,100.0,89.82031368472252,1.0
5.106568417620713,82.43654892954969,85.98000705405624,86.91503690548899,1.0
4.493162192289211,68.88987594152339,87.23781879624929,72.72987643575773,1.0
3.9856740044575094,84.40814299867829,87.46381787145656,63.67976308024549,1.0
2.2085023783798707,91.16792835814086,92.39910430289832,85.0508142904471,1.0
3.631614584904786,77.80774453444697,82.35039006547011,74.23585147795389,1.0
3.7759150162362407,78.25019305247748,100.0,82.88470761308747,1.0
3.0007473232297888,46.5754329168995,76.80129917307463,62.00789902145741,1.0
4.134461722922069,56.77650911757573,72.89114547510219,63.528547216228525,1.0
5.4850457159107275,83.2096311715125,97.52958526395088,87.8067318558989,1.0
11.508581225250154,80.35834176508831,100.0,88.630146034937,1.0
4.890472411141271,93.93070788279901,84.31404072619691,76.06448480888861,1.0
5.0976272958237,87.32074187059668,98.508114065431,89.49405889980864,1.0
4.317933978389666,68.69738429681755,86.34804445555045,71.90286119204993,1.0
1.7170614876180794,72.4313440947266,69.60284352540428,68.34446329901087,1.0
4.422667683255174,79.22990571630854,90.94136482716323,74.48539383846395,1.0
4.618708428001379,72.18575305271891,82.21651150917303,72.57317420416139,1.0
15.0,93.52832656131345,100.0,75.71575665532485,1.0
4.070718492302189,67.43163494779212,78.02734034410503,65.14618147477476,1.0
5.211009876103584,86.6887018680255,64.45158407961247,66.99375899837365,1.0
4.4045765049780625,87.92619427319278,92.01182286686867,73.72363592778208,1.0
2.498426118918556,66.46885171218314,66.17206984481062,57.05341542300339,1.0
7.936016167830382,66.26733627634297,100.0,64.01291085598692,1.0
6.527124645287785,78.3103692996242,100.0,74.71748099166894,1.0
6.655981829162215,75.68938510443408,100.0,76.2860805719756,1.0
2.8442695120910635,82.07102827694838,75.82779840415644,70.30767294447229,1.0
9.03763165910687,63.22712812178214,97.62129447107716,83.64760385325214,1.0
2.223482073404234,57.212273325477646,73.47898709177474,62.42930110181627,1.0
6.010022828144999,77.09355867034141,93.74719856543177,77.98100366677149,1.0
13.399639624550852,84.83660300622094,100.0,83.93450661445421,1.0
2.7311747757818967,83.74819641167848,70.09361930269813,71.54353878654834,1.0
3.376538712354429,73.81953509872264,83.03546466749708,74.5912910620569,1.0
4.71064896267221,49.047355083620296,76.12067639804572,60.422379724913164,1.0
3.4842826124692796,67.42924514670688,92.00485710848949,88.23564496721409,1.0
2.0640463101730075,86.05341777874752,64.1382749074562,77.70727631893764,1.0
4.637991876873261,91.74504458281288,99.68367653697354,78.16164289057468,1.0
2.634907674230948,52.64001557713562,58.1089632918992,55.38435798144066,1.0
5.679119569322943,93.0574161355256,100.0,100.0,1.0
2.8300316147516917,89.23400113766303,68.88672774329201,68.30915397623856,1.0
9.727599966453369,90.89155046620162,100.0,89.10185118255454,1.0
3.02942657922728,77.50287172794455,88.57384519587934,77.05639446355553,1.0
3.8151090234260128,79.79276140297486,82.9710089420201,77.95971067993497,1.0
6.73123483291064,91.04688804314938,94.11696337927268,90.13044530651982,1.0
2.4219375050977314,70.86705341277198,76.62094026003227,57.84993387122352,1.0
5.021506394637304,94.17465973045293,87.60803429816812,79.94868692849765,1.0
8.61557297824815,79.81987831086282,100.0,67.80799274619329,1.0
2.006232093943947,90.55226928702015,72.6305329059098,67.27729395856889,1.0
4.915123739961025,90.12203201431409,100.0,80.80289765228625,1.0
5.103575625564496,45.019685328419975,85.66677433171782,71.68409973097033,1.0
6.625404561460393,86.10628875814868,100.0,73.97021353450154,1.0
2.4145782750838896,72.976373227434,79.27884459448771,65.99192737795543,1.0
2.31583819541072,57.96101925935265,69.1562898604487,67.73396075834951,1.0
5.818082748463238,76.74435562341978,100.0,79.93820591312995,1.0
5.199135369243171,92.49370354532915,100.0,73.25925448972274,1.0
5.079670641676666,73.51879492800967,88.43361501686778,78.66755472244124,1.0
5.329322421894343,87.056955145571,63.45933593877327,57.140694241514396,1.0
3.1898938462669446,81.56462778985464,72.2445684827204,65.39704000729203,1.0
5.033556785212783,63.35121874294841,100.0,76.83128705688894,1.0
5.188975281031413,98.56477621468159,97.68919924064983,100.0,1.0
3.1356117511671124,84.01128690338295,77.00775200930812,58.24310190036416,1.0
11.391725466392243,95.80936448379063,100.0,100.0,1.0
5.679802496899532,64.89498404642283,91.86912545332785,74.16229238060323,1.0
2.4703213697789836,62.60242481564735,49.91745952917225,48.930279243295125,1.0
6.223153702093873,88.11538497923326,86.15799781117965,73.33530412283655,1.0
2.752911736727241,87.7333614443442,81.75355252077186,69.8410905745655,1.0
6.642858061785083,78.18429961518864,100.0,79.35822069557668,1.0
7.99885006524572,90.14090417445166,100.0,92.83824453123943,1.0
2.9732595447392804,71.53413081196192,69.49292605167823,51.665476849550686,1.0
7.254979528493883,58.38869330876084,95.0813851845376,81.14757664486983,1.0
5.509040463630584,59.94618953726475,82.02111126497942,51.92807391252407,1.0
6.760048604185167,86.0374382429978,98.05498940407391,88.0342104005854,1.0
11.569779595003814,59.44852773296849,93.17357194759524,83.9043467573679,1.0
3.9642074238309166,94.38369650497357,85.10282246467548,68.25256216780859,1.0
3.074468121934905,85.45939800889555,79.60584841277961,78.24591430447478,1.0
2.8726725115774614,89.5412023142072,77.6395436867295,72.66700432854667,1.0
2.9805112837158,94.38766843311947,100.0,100.0,1.0
4.312204012817175,78.55246191895137,100.0,78.86884132530155,1.0
5.315228420298808,69.32701282020645,84.53600141331687,95.56849078314494,1.0
5.146646819802064,60.31603011822072,68.64933597324094,40.9914839703109,1.0
6.777386966660548,82.97614742916856,100.0,83.95919908074471,1.0
4.510919197493455,66.37652153992653,90.59424916415159,63.10272103790795,1.0
9.26984852017596,61.37259934471994,97.49419257931133,95.32888808926005,1.0
3.9261982190337834,65.22776107192946,74.75569091634445,63.28092790530032,1.0
15.0,84.12075042032285,100.0,85.45066946511031,1.0
6.127787003271887,75.37226721202181,95.0284037025984,85.14024081890494,1.0
2.919525846595063,72.69856097593726,83.18478200965284,72.73061811132614,1.0
2.6236166088363277,61.625547895614694,62.80140825185819,51.53600290421299,1.0
5.7043908771949265,68.74322024797233,93.3499162098172,69.04040739143412,1.0
4.007904785297465,87.11120108627098,84.45426698417825,77.8883343248464,1.0
6.404496021250393,54.638577652062395,86.97235315511452,74.83903180050847,1.0
5.678112165659838,83.572654062208,100.0,92.27754870365544,1.0
4.321426446366709,92.17211799838361,77.16575797122465,87.75226898198616,1.0
2.934693859325039,83.2363548883158,81.49888428314252,56.306338740550984,1.0
2.1013424190341605,66.2747607677218,64.12117204587418,57.59803500683464,1.0
3.584942819400956,84.68406610867237,88.33706091285077,88.30665854730144,1.0
6.877116131669448,67.65183382873455,95.63713090086958,79.48017900084469,1.0
4.988059079455467,73.10119898123205,99.7703811804181,65.75412699299291,1.0
2.4039918119203363,78.71070144212685,63.278766611244,49.708960317496796,1.0
4.887057885086633,78.41653789019023,100.0,88.31186637545659,1.0
5.433908594695439,85.63838535723019,96.17939056989742,86.79082882944095,1.0
2.880809358429125,69.98131170861656,62.47828281006274,63.11121789549539,1.0
4.839747514647897,66.57286492152879,95.60438194948824,73.98956880056205,1.0
4.614042446556458,92.01939099730522,90.98807732000135,84.17459820281637,1.0
2.530747847820656,81.87792475438424,57.37058789558054,48.96809001461263,1.0
5.359623232532643,88.49526044953109,100.0,89.77871603905575,1.0
5.9321829392256245,90.19535823036885,100.0,88.46476922290209,1.0
7.702351112876172,57.02846545294875,100.0,74.83881292928652,1.0
7.590527026985983,88.7646848887336,100.0,100.0,1.0
2.2505290367473143,78.01275222341893,72.41897690790475,52.65074667891801,1.0
2.804113594780642,93.2559139760006,79.48214381809244,73.1557156037806,1.0
5.798026688863439,69.0719853368769,100.0,77.0711525527809,1.0
5.7944060352017495,99.43253218993998,93.61293475894821,100.0,1.0
5.798062692104274,78.00639343029265,91.95809636376325,84.75913020165616,1.0
15.0,69.67659462673367,100.0,78.74083592238362,1.0
5.962234073255615,85.80037388330518,84.83296261969845,74.30542629588696,1.0
7.907271823623149,69.64896143699524,100.0,98.81985127924328,1.0
7.221053683117783,57.788160234240294,100.0,73.98742699300782,1.0
6.2071113435387755,91.16797876817935,99.89973329682807,74.04782368357105,1.0
3.828087677857236,85.88950009019702,77.44589077025935,73.71807845693147,1.0
6.550128123179627,70.06346500431911,100.0,86.52181594012639,1.0
3.045263378218516,94.45116776936725,87.32983755988066,85.34939643290879,1.0
3.981229521663835,87.12283725346471,86.06467673556341,83.05084725256295,1.0
3.5159797699172115,61.46606501591596,93.30935774951587,91.77540863371469,1.0
4.668963365789384,89.23862483838825,84.60523462257959,63.32628928047508,1.0
14.25815870156713,85.32161407073845,100.0,77.44189725698502,1.0
1.7618553037886067,92.9927872896973,70.16639824275397,73.01266289943673,1.0
6.316277902495669,75.35743523671053,100.0,76.22648303362658,1.0
2.0009900126408833,74.67803749970611,68.20419309559055,51.025838880779695,1.0
3.539671998653528,79.06222519055976,69.9883778263821,79.73106593486159,1.0
7.72510410048294,73.61717163398926,100.0,71.76389727348356,1.0
4.6280703471356865,78.17812258197911,87.71866082499274,74.22851079700557,1.0
2.6146431122065086,75.52384861682025,75.35845664636255,67.3807497659666,1.0
3.134119098763957,79.13861066652602,85.68939193152758,86.28338962108073,1.0
6.295271993758589,82.05222714454821,93.69765270382234,67.04837785532551,1.0
3.1106032677277935,69.50999561151059,78.19066297259042,71.95926441516539,1.0
4.993960562205151,96.55123030502043,89.60932565180667,74.91375755118813,1.0
4.584980808346516,91.47168291167908,96.82487025418475,91.09263546100473,1.0
3.2355529030638124,80.63033441121708,77.87649620521218,63.38515241767706,1.0
13.09161625323087,56.1040321223589,100.0,93.79925647395801,1.0
6.153121482343447,88.91870860297959,90.59233500620385,73.99061607752857,1.0
1.6281244475961703,68.21287480022201,54.10660769732877,31.821362701055207,1.0
4.919599660540702,97.16840200867732,82.40425624225891,70.8058657733863,1.0
3.219115935335626,78.0275475191825,72.92664649164658,64.56376116343795,1.0
6.863494177616729,67.13560423581714,73.1266750827564,73.27462439039138,1.0
3.0154215282868386,71.74594540022515,74.14969066506175,56.18665390106889,1.0
4.231818386392085,79.42968639210096,82.45619239195693,63.69610293587744,1.0
5.768970487114573,79.63460553358662,98.35397961105154,92.45933006412528,1.0
6.90936402806898,67.77396175213104,99.66723216636974,72.32005392318739,1.0
2.45923861630905,83.00203282209905,86.47320414233602,75.6997819329215,1.0
3.791453224252269,83.9311555235476,100.0,85.51702163695742,1.0
3.5343427104409457,56.16092708953414,89.77956326922404,75.81851599710735,1.0
3.2327571622280167,87.15984507624187,77.26012585396018,65.5152714299597,1.0
10.834409347724172,73.42451551508108,100.0,77.2689480096197,1.0
5.487599198868655,68.46832749211994,100.0,86.37282103244233,1.0
2.385856126525902,77.88399458308344,55.530203956102504,47.27997486053015,1.0
7.091741751759049,83.04291981543595,100.0,75.7288304421338,1.0
12.949770921198137,49.28433011913927,100.0,89.67926592664134,1.0
7.509978705421662,94.83903855816071,100.0,92.8725707626656,1.0
2.0965958738672876,63.58339192731911,73.37981406774337,78.2225673990069,1.0
3.51796593625572,78.30706449286512,75.01742890435976,74.44535434136041,1.0
8.443995310264812,75.78589131517262,100.0,75.01202904998254,1.0
3.1461052749579053,86.09399009104605,85.31030752841436,77.70696720857923,1.0
5.5952035067711,87.19993626498801,89.73047931167318,72.12629673342285,1.0
6.601632894665626,82.51524736051262,100.0,73.29017269835626,1.0
2.819430077114398,44.03809307322393,76.97122052508975,59.109877837647744,1.0
4.350267432598382,55.85076495435296,85.35249885768495,78.76916519364303,1.0
0.886358599841788,83.22422077939409,56.37787740084239,58.30866002276854,1.0
2.685336858063104,75.38699604750977,70.23163320273326,53.11238940134508,1.0
3.9500013642922736,80.66519933165239,79.84864957124613,68.16836196450087,1.0
2.4015357031133386,83.51151934711372,69.13808518732,63.956030817810905,1.0
10.137137413699387,86.98557242688943,100.0,73.88421485361113,1.0
2.192251967199662,88.79033374816535,73.9109780723068,75.20113032223672,1.0
3.5965597251482073,73.94155470412277,78.00351573881169,67.56089174792271,1.0
4.784446234032962,74.34287226699546,97.68570506810312,72.1238091136148,1.0
9.213194529078576,73.42414100014811,100.0,73.10743945010108,1.0
2.1859902387796644,80.28951402677453,63.66553748665046,69.42909060538311,1.0
8.017141012386736,87.02949728612295,100.0,84.35939520005884,1.0
4.504678532190159,85.44205732115196,80.72589344800207,83.11935310948313,1.0
2.7435307190293567,96.36777709992518,62.029527783844756,75.2714687078981,1.0
5.646589514391975,73.03146260859273,94.59269792550033,89.00076725241615,1.0
4.950704292569462,96.57048543463462,89.54289984161588,77.72667300311811,1.0
3.319756913493811,62.08450202126568,75.39368341253748,45.209701836491135,1.0
4.640866258684212,70.15140476812068,78.75418335386956,71.66217973761145,1.0
3.696340224288872,49.000925885329345,90.23313777719115,89.69599257932805,1.0
4.743421319149954,66.63896800387879,81.64752292543733,70.1979390231913,1.0
6.240531389070991,86.68821622553389,96.62439541091146,69.05619588235162,1.0
9.904690254912223,76.80485611225963,100.0,79.96194325101098,1.0
2.413534451674805,87.6231497366603,60.374959381805255,58.31723531646129,1.0
13.020391264010003,80.83704144861154,100.0,77.38349975036394,1.0
1.6886950995395271,57.124128306505874,65.59829803522986,36.832002542122964,1.0
4.154148412726665,75.74355178680511,82.07112396893831,71.81569097389684,1.0
6.01441208543478,92.05866395773884,92.10012527908422,76.60281051604571,1.0
5.157726769451403,82.1523665665797,100.0,100.0,1.0
3.282647429888199,79.24852823961311,72.65414793104767,67.51587710351836,1.0
4.038764687606633,83.40867884154932,84.54455805702256,79.61955758341279,1.0
3.5025789242682723,58.85078277924789,69.7236846862388,59.624046688248264,1.0
3.337819072913685,71.2521081688116,82.78783038621981,72.951769329507,1.0
6.8537849595216445,78.0975838007345,100.0,72.40112245324974,1.0
5.357555153694088,69.0779954545834,73.60190960773552,57.01560537456123,1.0
3.169409212961918,72.18382050295695,79.70371157005513,78.9382798101848,1.0
7.027281545954732,90.89550571287457,100.0,89.8547969004165,1.0
5.226018778827973,56.21739762426975,84.35450473694608,67.10357749765609,1.0
6.729030382938882,93.47893132397888,93.7095198103942,88.1818200637987,1.0
6.139936628175953,93.13332248134041,100.0,92.67355977499284,1.0
2.9609272947797947,91.08529449099436,90.10060397079506,97.21463874130907,1.0
3.3868811389308005,45.6479587561929,84.30767467078363,69.44949477187174,1.0
6.512001132185481,69.46636506110111,100.0,75.39321240813781,1.0
6.081097154351534,90.89108207042142,100.0,87.25264455075894,1.0
4.435095740515443,89.90354465146862,82.35625974323436,80.49061576752878,1.0
4.75246623966183,83.83925976213378,100.0,94.73312404385638,1.0
8.489519883453426,73.07772206461965,100.0,71.69528943590089,1.0
3.3341384347330836,75.78584666449501,69.17519734236872,65.60946122849161,1.0
5.891724213628026,77.02269456090208,100.0,78.22649949219549,1.0
4.050756580951337,60.256523637672686,89.21515660665689,69.96885895523883,1.0
4.019507563100371,80.38094795315008,95.36457633946209,89.59811002220063,1.0
7.76315191229566,78.06462623223982,100.0,91.58291356190315,1.0
6.7714021280243895,80.43650981628912,93.30197556098632,75.97346516636777,1.0
6.731209316971349,95.26816217575593,100.0,87.79089626683052,1.0
8.608408030228063,77.22029975829699,98.33366860655399,79.98897361528036,1.0
4.529003425022684,79.79656626816497,89.29617473446909,100.0,1.0
6.302689743195596,80.87735338761799,97.33769081122392,86.53871957694325,1.0
3.8376746439553457,68.98023736666605,100.0,77.08019474315088,1.0
5.270278335501205,90.31203003235856,100.0,98.63974317624073,1.0
4.1993446307500335,85.88321349274715,98.6064547907541,97.06085197754369,1.0
4.704398783920354,93.41936986487933,98.57762959925482,100.0,1.0
6.035016042071006,83.31254546312779,95.41612812029175,100.0,1.0
2.976921337832107,97.7777065541433,78.63166318384695,80.25942460245054,1.0
12.75844796705348,96.45374754683796,100.0,86.49193555914258,1.0
2.7101156499792687,83.66625969037693,78.3703766300678,69.9715814382883,1.0
2.4422156818789773,96.09213534691811,79.64220257367255,72.63136645810205,1.0
7.996911756792912,80.48199357254795,100.0,82.86635577707737,1.0
6.658081280219176,69.11082215604603,95.57469548089836,90.64394572614677,1.0
6.123047367896502,56.127359666566214,86.91684023552956,72.07302735367175,1.0
6.13599810132054,89.68130903853839,87.23199257824118,86.77003153100614,1.0
4.454329807488152,86.01758019230466,100.0,92.61564847670886,1.0
2.861576836284245,92.79504682883167,100.0,79.76976966078968,1.0
4.65481551840794,88.07855558469394,100.0,73.87829775804053,1.0
3.194463465299197,54.686606293571884,63.054450288547216,45.1821327272169,1.0
7.297704646390049,68.1741997877223,100.0,80.22118901569814,1.0
4.163979840027014,86.59764190497852,99.05145276395888,87.73017011790992,1.0
2.9661102123434357,97.87885736106693,77.26728119552325,68.47646569032459,1.0
3.816398127208826,97.98678981462842,93.44465891585021,90.63314037794964,1.0
5.509455109835351,84.58545884318985,92.0746381471966,77.14785691633992,1.0
3.380885723699411,79.00361755178207,96.8090839254624,85.62274176365165,1.0
2.970973872357475,59.965473164678585,78.46562721655843,67.85968712982172,1.0
5.062414815615262,81.78309211963479,84.30389788333437,89.2448116765601,1.0
5.065654176120876,72.53565177094988,98.10862106713483,75.38123770038217,1.0
3.478246934183405,95.81972594368327,96.02559410222281,100.0,1.0
3.5412538069458344,68.20095784817052,82.71163305297858,66.78353588480228,1.0
5.033043993064437,74.43046699664269,96.44699454364378,71.67853445699271,1.0
2.172672179824188,94.27574550931375,71.77286333500105,67.36083351295117,1.0
2.217250939088272,59.04407993943431,56.494703740378284,77.27622179524612,1.0
3.1292015913393985,87.22899166765136,79.39701957050787,80.18535391303479,1.0
4.028025977814869,74.76523319263033,90.6995708208559,83.26645904065528,1.0
5.235455142708909,87.20901888169227,94.427826197393,89.90277700764572,1.0
9.371546292118095,93.667591823071,100.0,82.57677064859574,1.0
6.881452931826504,76.9774780630125,97.5561096031867,86.29312734576006,1.0
4.137247596677844,70.3223148392213,82.03248986205692,71.50722427382108,1.0
4.439278645648636,55.15791477087673,92.32961205308187,90.13484538048793,1.0
2.7148462384156984,89.29625887231455,79.6753086398772,72.76246608968373,1.0
4.4403954242920465,64.96477864035015,81.9841658215642,67.3556594465457,1.0
3.879361896867263,95.69636709995686,98.9234306848721,79.06727972044885,1.0
5.266464582246097,74.00001130005364,85.9686678225809,76.09818563082226,1.0
2.9635400845071382,85.29461640751107,71.84175285048585,69.69176494499298,1.0
5.81053853210869,52.91966694595535,62.35789890179609,44.621757115324186,1.0
9.644323042593037,78.98028450993169,100.0,89.42136573447094,1.0
4.244482591540198,89.70019021822336,100.0,89.80547423400354,1.0
5.478634335486834,73.1470072233107,73.07430348251314,73.88897996149144,1.0
6.328555403761465,71.22385096045114,88.00802514551239,85.54933273716412,1.0
3.6670582139693346,74.06947861876685,87.167180996187,76.5851567699985,1.0
5.013058665596589,73.5387394716318,68.89012245412641,54.639914539158084,1.0
4.509995701414209,82.28654955645047,85.11051622045862,69.38969862125397,1.0
4.705998865709404,79.18112832905663,100.0,99.93324697044406,1.0
3.0449823600932824,41.6017621641732,92.63437696697363,74.48833145469666,1.0
4.536950485483153,87.55458019228277,94.41915701184118,97.57355618315384,1.0
5.74884603798669,79.04381962139414,87.33512052088047,80.932186836793,1.0
9.258775494486153,83.56975416206308,100.0,92.7438359298402,1.0
7.240102856840267,75.59663685969427,100.0,92.62911630184412,1.0
13.152228721081357,90.44301357686062,100.0,78.30349220009674,1.0
3.053615256150728,53.27688884432982,92.89036863405073,78.13424181360168,1.0
6.932082813681047,94.85927751928077,100.0,79.07586429295965,1.0
4.91194995691845,85.60964677279928,94.28124080546118,80.83949913536297,1.0
13.395267415255555,69.79124157890685,100.0,89.07960540476577,1.0
2.9917271336961715,73.62563769008099,100.0,76.52245641375657,1.0
2.945089122367347,82.5562340673759,84.74099689925491,80.30464323917498,1.0
3.3211253199121544,89.22216283106141,76.22263562589113,59.21332562060938,1.0
1.5496857025863573,80.10432385924133,60.52492968469451,67.53487414282698,1.0
3.445684192203623,94.05003184107353,76.0633495805818,66.73885361777918,1.0
3.0661836244781058,80.41244833056675,55.12149328225224,46.45059556993965,1.0
4.831692852112609,79.9775278099951,94.83731319744,70.89877747227837,1.0
5.316833864244638,56.291256652958324,100.0,76.62342066789039,1.0
11.451095698430741,93.93536213328767,100.0,73.52617797100314,1.0
7.208147035956284,84.91186901969702,100.0,82.59518069107277,1.0
3.3586804451095222,79.24508589585687,74.31795967901394,76.66748515714578,1.0
2.859917174152356,72.61285234279985,81.24044823164851,69.88119143279525,1.0
5.731398605963911,58.70012392011864,89.93732124913565,65.27600073116555,1.0
2.3160968960068966,88.7307871072777,59.66534532292914,61.3220056800564,1.0
11.197934962210192,81.98523329553072,100.0,87.50021286610539,1.0
8.082652192832223,68.02551953272133,95.61730195602048,96.19009497644434,1.0
3.5445534076336007,74.68919357119117,95.4256899824173,88.0615898502536,1.0
1.9030021830097161,72.85794508306533,79.28223151038158,72.51393609126292,1.0
8.819244308879918,83.96186055973368,100.0,94.03290449882311,1.0
4.232234386574911,87.79500455501464,100.0,86.48395236556243,1.0
8.322046149162976,72.56867824755233,100.0,83.91043020226087,1.0
2.019371189455472,77.36160948374857,65.0456294994196,74.27578497379595,1.0
3.321154583290361,93.83439645263633,84.32533953460668,64.70998475022195,1.0
4.493454803448573,73.99738483229454,91.19453506397615,86.37921561636972,1.0
4.5882115007335535,58.56790249206987,80.05896000382332,66.86852069558807,1.0
3.5785842605815326,72.89257940302551,82.115657031513,69.72756043263738,1.0
6.119160819794883,58.013972243578394,100.0,77.17962697916599,1.0
2.627912448814104,93.9048337813318,78.63822625622848,75.0571173001398,1.0
4.173730572130588,63.7422287852922,84.6134724148594,71.6296407154227,1.0
4.759524726365074,96.92195101600657,99.92521092151873,86.01441875444868,1.0
5.796297878995477,55.934965939256756,97.97557897764294,74.1486365112682,1.0
6.3968612414684545,81.77512085489025,99.85480766740736,71.01074591855573,1.0
2.554046474209046,80.6167904359208,69.7389956243435,59.15022506941125,1.0
2.0811963874523824,85.46268339276642,72.0465685672213,63.42677350552041,1.0
8.489570507078708,82.02593165106144,93.38697234012028,82.98591554563122,1.0
5.291792344602915,76.32955962143606,91.42653406025487,94.96917284391765,1.0
3.0825486288720505,74.90428188310851,53.62361992160247,47.58974077363608,1.0
9.73352378883998,88.50030201421151,98.83189619785304,78.69254091136206,1.0
4.748540544981833,85.55239757935763,74.16510710241738,63.310085757138914,1.0
8.082074559829772,75.17663141937632,100.0,86.26208442469218,1.0
4.6355703333070055,91.56345111933948,93.15755362415373,88.2320614391457,1.0
12.558201554366338,81.1208774797334,100.0,92.05093720050303,1.0
10.779761287528363,75.09774996455853,100.0,91.64121397878584,1.0
3.9571256896004967,90.69494106383041,98.05554997340633,94.5317178950463,1.0
7.284767144743152,86.82967489648675,100.0,85.13486587951199,1.0
6.188470566293088,78.10254957976063,96.68180884239268,99.72289757555666,1.0
8.884567463491328,61.396915034351366,100.0,79.44123483760016,1.0
2.7663763024636254,85.16741550151139,86.28550478249447,78.30806105877568,1.0
6.315618737362225,53.39205057945894,88.3391821186632,82.88245417313756,1.0
7.6080906740667436,71.09035622817841,100.0,88.74947146953781,1.0
1.860100013146582,79.44293500774069,64.13487591121606,42.85622618721747,1.0
2.4802782306619013,86.86504543736011,58.58495521681991,58.427564381620776,1.0
1.6166949502365868,78.702209249122,72.67655855853944,73.5097508894939,1.0
3.916884560245427,96.35916627890063,100.0,78.52407101954365,1.0
6.415847668861835,59.144791968223984,86.1654917074427,78.15034494988657,1.0
9.498923971637822,63.228508375388785,100.0,85.76693319518539,1.0
4.650837868816796,72.86271184947441,80.64814836697397,80.49761009758765,1.0
10.117916596818844,75.19161959340553,100.0,79.50287333997197,1.0
2.2477939552030692,79.00210067983959,86.16234445858136,84.08120858168883,1.0
1.9123039665649113,98.66347515840373,64.70244537260758,66.3012727717127,1.0
4.358927978125801,72.75556350276943,87.08966178641315,89.64227838346139,1.0
5.430508220326218,52.716300928632045,70.77479191813421,82.37401403092696,1.0
4.409020808664771,78.2557611018551,82.07229010700267,85.4083988076933,1.0
1.5940515979966883,70.29470423145143,43.14359953508833,48.10360994571791,1.0
4.28636896844262,93.53498434162397,95.38857900888094,100.0,1.0
2.3344241634088574,75.62260374490332,79.80791329436664,75.81788438838117,1.0
6.264108466649991,64.58991464420613,93.36707613125658,71.0113705125399,1.0
5.383286832558527,61.938237359445516,93.55268153441821,77.56033809036924,1.0
2.801234202964725,80.03966672598405,73.48571959670736,73.54131455325196,1.0
3.4662265106336947,76.13536813516522,89.06154025367172,84.17778504956375,1.0
2.6389820061304614,77.70849983644669,76.13426595392458,59.83356701657527,1.0
4.343413029430783,66.00927325464065,65.86780674560138,50.56106108117172,1.0
7.225172869239639,83.08572228254775,100.0,83.88666568683077,1.0
2.737751537680981,93.03327720611598,74.39954168671744,74.96268352957492,1.0
5.766257506907174,50.48831517185863,77.16128846628763,69.41106535981243,1.0
3.4379356544891855,62.759740712052334,74.55588037876004,65.87150540038098,1.0
3.0148907193549044,74.10719625675269,58.60577591588908,49.170052524331716,1.0
4.24815520811627,92.06843715563629,78.02778627883738,86.92868137046784,1.0
2.6708020986853813,94.51756006948855,79.30370076792013,65.8396380566975,1.0
3.397960325444139,66.45205688700369,81.5987458171372,80.82825940822687,1.0
2.4622142671957064,95.63954098753527,78.95904001251013,80.30982247386706,1.0
11.969509801290757,95.56992803984463,100.0,99.35664403894276,1.0
4.56140995314965,86.78426816419567,84.58125676164696,73.00826702260866,1.0
3.1586263887915162,78.20960161121367,79.01792139471772,69.8132317138315,1.0
4.987775183682563,77.30310041236372,87.66478591398608,77.26631068051134,1.0
4.2369173941778255,76.12359942835593,70.89055491412982,61.03692624074994,1.0
4.012904126356034,63.862062928192806,75.44456413629536,67.38567510900609,1.0
6.092651360931255,67.54696684781773,100.0,96.14210901813321,1.0
6.545343331311167,68.7390077919345,100.0,73.37313078104312,1.0
3.4375170610493737,68.23636414285595,86.47495855411609,68.92205015076372,1.0
3.3605037209149335,55.71822575066284,92.5079131085672,69.77322177647955,1.0
3.9058450089707346,94.87708519844739,89.47645886775754,80.85359215003137,1.0
1.4177050718177209,74.57850901004235,77.7241436422282,68.23839219973723,1.0
2.1009811899107484,61.90277295710425,87.59491350485311,79.87551072034367,1.0
8.876764510837067,48.84749104357622,83.90365329038514,68.77184033535583,1.0
10.200980639033077,88.35229788143607,100.0,90.09352579004164,1.0
3.956983451142503,68.67778088664151,84.62663787280471,76.16178705238761,1.0
5.97915038348167,78.51796812314622,93.40147841386634,83.04786100398218,1.0
5.236352024050483,62.3368659500283,94.94167946387086,84.553053306376,1.0
15.0,84.11120645068975,100.0,85.843654233076,1.0
7.8443023715015086,80.43478026387658,99.05604692080246,98.59713606593702,1.0
4.204019974281061,44.57789332230763,80.16075603990637,85.36106666614631,1.0
2.779385276527271,88.06681433114628,89.92125937427294,86.20809222635687,1.0
2.0072725090032875,90.39295888223118,71.79192885487757,70.15687128453303,1.0
4.961617606613988,76.24997601769842,97.91962805259051,88.79039331489099,1.0
3.0704515250804647,70.42124113975547,74.68007910349647,57.55203891332947,1.0
2.2009149168322564,89.26039888201367,76.58765988416364,72.9042854350406,1.0
3.243696445956618,81.35241433515162,68.74242226579233,58.53958159749609,1.0
2.6096757977370317,77.24852546366604,69.48794339452063,68.17108080682029,1.0
10.418372327359096,71.55401175818271,100.0,78.49992788781935,1.0
6.964458640247073,79.24079802364183,89.66433790792146,75.85497657740221,1.0
4.463859182049725,93.59888083627888,84.01989659124115,62.557936536940154,1.0
9.393068930150658,83.44963708204673,100.0,77.303961896828,1.0
4.658456424201008,60.0654325743059,87.63990673005097,76.20001164938522,1.0
2.9135081337309154,76.61495124286687,85.24151645541802,68.04128314081854,1.0
9.598070019573246,79.09453743766367,100.0,94.32909935781736,1.0
5.86765474620063,77.57893544547333,97.43169551570705,76.0868612427831,1.0
2.6681275195294565,73.74776067921809,67.75443223216234,65.80369070864343,1.0
4.0748366539053285,75.70893841284112,93.04034394065033,74.17502340924939,1.0
2.8927015946692323,49.180547231979496,84.240227713524,71.8880270461309,1.0
2.2447634193779558,80.14873109840106,76.05161656982939,56.98757918579967,1.0
7.121289180893097,66.46579344368621,100.0,79.66769488370078,1.0
11.643037015253748,56.758475549384215,100.0,74.58198882757496,1.0
2.2271354609831007,88.4125960466388,80.29377880164327,80.9540249729499,1.0
5.938666530423729,89.63946021592842,100.0,91.62599175881932,1.0
3.237102745612837,72.9895292730551,69.02122500325167,53.05215491996333,1.0
3.5128838439920775,95.20931336091425,88.07492072865529,79.0688612892745,1.0
3.3327674932137903,92.19027562958365,73.59844256717629,63.77842218115745,1.0
2.909567995941926,83.07280887933481,100.0,94.2166193268153,1.0
4.591748158460233,68.10210739452026,84.34436891586968,82.83367290124433,1.0
2.9580342464606164,78.22118747677058,84.29564143066634,63.118025324734035,1.0
5.130629765170362,69.4232434241404,90.9439288358892,84.15902266500235,1.0
4.370515411446094,85.67985555686293,77.68962729683265,64.93234166509376,1.0
3.976992882533487,68.13079602203335,64.80267444275866,56.96469713258317,1.0
2.8468643740959445,71.81676059194243,83.26606521527654,72.90763160156972,1.0
3.358902671313893,82.74218386817077,97.52575869543992,99.34931716888588,1.0
6.538420437063673,93.94914825961578,96.87458836749073,78.57124369291958,1.0
5.757242306397382,61.93076734347313,75.98917698201595,72.2565751372522,1.0
2.748959228282381,56.36907169048085,69.09664209757888,50.26942854104444,1.0
4.709897533587008,74.47075587156287,80.401735407086,61.25061728054689,1.0
6.525343279342944,81.92726084645764,94.62273632744493,82.84907518585621,1.0
1.9450688199250181,84.76978539122307,74.5523633198767,69.31444733007608,1.0
5.880725250286251,71.34301060062079,94.91359368115958,58.04957114918183,1.0
3.217768543881449,90.51345112572696,73.97215109343352,79.15996630555284,1.0
5.9613641212729735,71.21599386786278,100.0,67.13028577812575,1.0
3.0598638506681763,61.539001414246755,82.47562658055861,68.87323940033396,1.0
1.8176763410268022,63.60264569636501,60.763086341026195,65.87561319083377,1.0
1.9862109550579228,79.57696329369544,69.61150172024665,82.31691559642117,1.0
4.590745702663091,76.47802500408143,94.6862480723398,78.6715797419455,1.0
5.103166609438542,88.90161900248654,99.58196734036443,76.02410826981571,1.0
2.8514900649160744,58.88152037475003,74.04256608210086,73.93048613856426,1.0
6.167516405370217,67.72051001975309,100.0,90.46535440491273,1.0
1.9527526037151066,79.0185681337549,73.58980270066981,63.40463720059204,1.0
4.3360339793662295,89.42028092645914,86.07186566636841,73.20846248607606,1.0
2.4460926142936827,85.51953063352141,69.7103685094563,60.16202677404824,1.0
3.235171518249243,92.84815729675773,77.25713750740023,69.89293542865464,1.0
4.589170715101949,64.69960276990928,93.25911724622131,80.74984776554983,1.0
2.914777003904463,92.52810275893356,73.67629642936893,65.55091139045079,1.0
3.697741500050065,77.29685359331194,79.37612565736329,67.50601647431876,1.0
7.412341672791446,79.64954255796587,100.0,91.06014066687777,1.0
3.3587002381055613,66.48592865641363,80.95552331097147,58.10673892049177,1.0
6.806282318421188,96.0795509627926,100.0,86.20842443324989,1.0
2.54758683698253,67.3843659582878,80.3031189246113,56.28152828609266,1.0
5.841000431646815,73.75035978642205,84.03376541652605,74.44100753567585,1.0
9.214555103234083,71.97126912881586,100.0,68.87901056062817,1.0
1.302359670076528,83.09915849890172,69.41026123295492,72.32709557746023,1.0
3.00883322964381,60.61188318219843,63.01069693980597,45.712765327967816,1.0
5.980690703739687,92.10794485444048,100.0,74.24096044799646,1.0
4.049029840950377,76.2758944225461,85.52574209756642,72.21429198559277,1.0
5.395541350536681,96.64593848735062,81.25917819175291,89.89947076511356,1.0
3.313507866576253,79.76829854990419,82.31555801700006,79.26408994925349,1.0
4.679984948240471,84.36840997779306,83.36698317573743,59.85205737494309,1.0
4.146072009557224,68.80888695858467,73.36995460072671,54.375743471069306,1.0
8.035675222600469,91.2954243145698,100.0,85.09428187694832,1.0
5.089656900202933,96.29552666138926,77.60210206133667,91.48740206938041,1.0
5.305804081275954,31.23963814597151,76.48471835302743,52.27559729256256,1.0
3.647571183568244,82.03115612148714,100.0,78.95914927467187,1.0
3.5120393774351344,75.58266347851254,88.40647007737357,89.22049684490545,1.0
3.610047413132249,68.62540882473235,72.50120039114739,66.03517968084864,1.0
5.458784092028215,74.677046188656,100.0,93.35940945612113,1.0
3.6309987914497,75.99867570807608,72.95996420768651,60.45491376558805,1.0
5.180426705449988,72.7353186754428,86.55762970152387,74.32431774432284,1.0
12.650546291282728,88.86572928604818,100.0,98.2982007547156,1.0
6.927938898466619,80.35442724163882,100.0,84.91215843444137,1.0
3.807558743053932,93.94990149842982,100.0,97.77440587989767,1.0
8.171127964413394,76.91724202587375,96.7181004475165,86.18425712191254,1.0
3.654511067856078,85.70242416341554,64.31603489371352,53.84467663093122,1.0
1.6175905583017953,62.11247885494894,72.43702293092709,62.99787412387057,1.0
2.7073135805533055,72.68402677475387,90.20049609838617,85.52822456202135,1.0
1.7587512487843668,60.08101977403864,43.039761738398525,47.49936670118177,1.0
3.759339428204301,78.10836136849925,88.83545904130665,77.48447041524787,1.0
4.523152423593348,84.70651515462667,93.08366029042288,66.96615012244936,1.0
10.362760471718467,74.69556376867956,100.0,70.57118090245818,1.0
5.277559035193234,60.02443652657903,75.7639440417189,52.37320341750211,1.0
4.016656080060789,73.90212922779452,95.13492618633586,77.2913365218616,1.0
6.784921954662696,79.3114022871839,100.0,82.8453374678892,1.0
1.4835418126618831,62.25612998949445,62.365595697729255,44.30385177755718,1.0
5.042022438404823,77.43870518431832,86.16227681166971,83.98143715460058,1.0
6.589204295189824,60.463490006973,87.96694827891099,63.55940917886795,1.0
2.1397882533598644,75.51992311091885,44.85496427204952,35.53798727608236,1.0
7.939712151192514,79.32383105008537,100.0,86.57065224110467,1.0
5.308175630173168,66.80994224596539,100.0,91.1532294091389,1.0
3.641355647879266,86.55002862967285,76.07947497277844,87.0044751653848,1.0
6.1496239465912215,41.541101446270176,74.16657570075924,64.88518371581092,1.0
13.948143666378375,79.91158704441622,100.0,98.6209551586722,1.0
4.908326887025628,74.59931950067241,97.17429830955116,73.24541950300781,1.0
5.073902742363519,85.55867401794289,88.53446972832322,96.36377769870282,1.0
3.5619906154332597,86.47392700729038,80.86215536561284,59.006418552943146,1.0
2.9302209075864347,84.66397720135338,81.34132404768563,69.84100824254918,1.0
6.788078475843794,89.40804418729547,100.0,92.3668289940893,1.0
2.921093659393853,56.960782826250586,83.8892510428285,57.272896169662516,1.0
4.6449616619256044,68.57987541153831,100.0,76.29957434690499,1.0
3.529553150307909,69.16477225319237,63.73418625258124,49.75950459312826,1.0
5.69443802220179,93.75182307044709,100.0,86.26859655609154,1.0
5.295360461928433,84.41576547478658,96.46157227275053,95.77891653926409,1.0
7.5290582841793965,56.936700992545816,100.0,81.52194072881164,1.0
3.4729063233769084,83.4612334003755,90.32302102699252,76.21384984509773,1.0
3.915967919026066,79.6913144929773,86.28722063283377,53.264722404153474,1.0
2.747298711273104,76.72749038514716,83.29607514642052,77.38679231823242,1.0
3.588927351466831,56.4616795083797,74.9030535594187,70.04459666509446,1.0
5.412170676680776,63.48121477083364,83.45701421869138,57.515994764769005,1.0
6.543644729485552,93.59555446575072,100.0,88.18333201536997,1.0
2.826155585894401,97.46247790450818,71.45086050272943,71.05216345546862,1.0
6.922679876506682,75.85041061489977,100.0,92.8868961814095,1.0
8.827032866198564,82.7659404814417,100.0,80.75504043032454,1.0
5.5108421490936506,79.98860703240118,72.27432380077792,59.58686517834639,1.0
11.454674572351951,72.63320060008098,100.0,80.8746617322693,1.0
3.0437959384462423,75.04295699329646,81.38407878723163,82.25294297194051,1.0
2.4052952193296395,60.1884933477963,65.79214243927392,66.44296191443236,1.0
1.841609422685384,91.51040862685643,42.58829105578687,47.94312304704279,1.0
9.468989117693885,54.984510489964,100.0,89.1551143154991,1.0
6.216349442956114,96.89619355861866,100.0,70.42970905690646,1.0
4.35884739969783,43.45076080228808,85.52398046928808,74.89017213770747,1.0
5.1550886445491875,94.92076354841397,92.26140821713115,74.61700915916383,1.0
2.552965121385765,69.13453058062105,77.96540289436916,82.53888409734952,1.0
15.0,48.338341377481456,100.0,71.1537105800305,1.0
4.780812881745781,89.86298462248156,86.22145144923694,71.50551561709301,1.0
4.7336538919740265,80.03983090043054,100.0,90.50735602113554,1.0
6.442285135932025,80.42114001734049,100.0,91.35586108171638,1.0
5.700219118070292,83.66726672668943,88.75253751833823,75.28957297803717,1.0
5.012536187908856,77.85443865747261,100.0,88.54212000687878,1.0
3.018508310011365,60.22144855453656,79.15950421096515,71.41898118121081,1.0
5.673091337303573,73.3315376634025,100.0,87.81122478114477,1.0
11.484660187954978,76.80517057755127,100.0,82.12459477504308,1.0
8.782051383087511,52.706374731738215,94.0753991092867,80.43574251553386,1.0
9.940261352388896,84.63314054799193,100.0,98.17759134973033,1.0
3.4708244582834724,73.28869486900156,96.97335290061453,72.73517817047987,1.0
2.7324471233634977,43.21510300993028,66.94463647916598,48.78378585306779,1.0
4.2085010533063825,79.65066797541948,87.42064886229923,77.342632857578,1.0
4.60831580973702,73.8058882357412,100.0,76.31138532180398,1.0
7.745373979193433,60.717501668988994,97.6682799242198,66.08406640693357,1.0
1.9227715968099286,67.79443981596349,71.00503786185216,72.00739827354485,1.0
9.628959379881108,56.18345525247762,100.0,63.406384922285525,1.0
4.141243274940701,65.63472071416922,82.39748827648188,67.58612435617647,1.0
3.620309303075883,52.336417908489594,81.37227729494762,73.49943224623063,1.0
2.7018799604583466,73.24500446648841,81.315303648331,73.70331176314595,1.0
1.9592694302064138,69.66234486082958,62.56186281808347,54.62777801699272,1.0
6.7638029063010086,56.50420038621067,100.0,72.52132346496245,1.0
4.649031803386653,92.81584999432096,87.90589022487151,82.84823566145775,1.0
2.3514203506978415,65.9599262347314,63.455092159882646,49.70339425112915,1.0
2.3454109083010266,94.81128470615022,59.23096693148325,62.55139448381442,1.0
3.789020908966382,69.54299954690053,77.73940217469706,69.4535226175461,1.0
10.324407607704995,90.15427448080284,100.0,89.23911816860166,1.0
3.9361548654711394,88.66750840995721,83.60159710420632,71.13206958150053,1.0
2.11367581334891,91.51785949290637,77.50831878795655,88.83946792482918,1.0
3.9635039423446172,85.20247054668233,69.8590425791468,68.80747698570222,1.0
3.9103943086948942,72.83020340161026,64.52447887659956,57.50350450018456,1.0
1.1636442535854548,88.50534947090279,50.342543403356736,55.0550148610247,1.0
4.361659336574003,92.52218638538862,96.0153995846407,79.51952383493173,1.0
3.9929596981139928,77.67823997891315,88.70297742355687,74.53729620444919,1.0
6.347767538862104,76.11799129576926,91.18547216506238,98.18878823165366,1.0
11.296331731360207,61.823934825635696,100.0,76.22574051358868,1.0
7.871766638207368,90.38160077087993,100.0,87.45413855206066,1.0
3.91789944660487,41.463869083648184,82.7024560363011,62.53565424414227,1.0
2.5772863565809927,74.30100939190054,70.075299752807,55.59584016274677,1.0
15.0,63.573274653613524,100.0,86.08333485248116,1.0
4.6163724699181605,81.72054798747966,84.71948237599548,75.93952467392644,1.0
4.51301139584308,72.88413672423665,95.57044301730147,88.76435592895777,1.0
4.427953247645451,62.93061009113154,89.20568426643882,81.51472436737352,1.0
4.94829157371457,74.6060998333329,100.0,92.12688171900255,1.0
4.1695986911195675,73.64798181583339,89.80330501282472,70.24628288933604,1.0
3.364128690428517,86.68420540010678,66.68903388459746,69.14685119286435,1.0
3.409516626130543,84.3640122053824,100.0,92.19497449139725,1.0
4.4088917979256514,92.7378122772779,95.5209869543396,77.24374933783845,1.0
3.415376085323537,70.26215891408056,85.31727106174144,71.2255915882172,1.0
3.137973183866691,79.48674956896384,75.84772149055374,57.34185818534864,1.0
4.726642472860215,82.32344223645288,100.0,91.82166950633284,1.0
3.945246321622104,61.82154823648656,71.38174605142616,67.65171163884742,1.0
9.506696968391287,94.90939062221024,100.0,100.0,1.0
1.190668716350317,80.06415572625225,36.657195747765016,39.8424801061712,0.0
7.734984080892901,88.42801181781202,100.0,91.29735905607278,1.0
8.356524376798182,81.0303085574168,97.75506294142623,92.53648657868418,1.0
1.5893178258084235,39.65164894178319,61.270351395199285,44.788443536558596,1.0
3.7759658450132054,92.23288390352025,100.0,81.19885565016246,1.0
3.7220685181174384,68.65630781105874,90.35479050982204,71.19653331047785,1.0
2.217197814013881,93.83952356577348,85.16314646590966,75.58774349364968,1.0
3.0376726793045075,79.88639299542999,90.03706069996566,72.03878624389273,1.0
2.5720727137613215,91.42328989068112,71.13522275661347,62.640692228075864,1.0
10.763224899859004,98.36427381342686,100.0,96.72017611495134,1.0
7.15519879417143,70.7825184144939,83.7857375535081,72.03574691840011,1.0
8.463624819349427,78.4675485771905,100.0,88.14709670471359,1.0
6.4291094666281685,81.0274753611978,100.0,81.79976076729096,1.0
2.548421414629498,80.64278033095226,70.5789915074417,60.602926687940915,1.0
3.447812137592259,58.96276707482302,59.629884159749295,55.81791944311229,1.0
5.724111154975927,83.26250779761094,100.0,87.66100018354943,1.0
2.432540283691438,79.64674343390475,78.7335646994512,77.26673740286134,1.0
6.4012879677927685,82.58467993236935,100.0,96.92967997050582,1.0
3.9742549672675094,93.05643864910935,78.96321654344106,68.35424167601937,1.0
3.7157836432154507,76.90164563909356,86.52193378861175,82.83515908195719,1.0
6.394766900557031,67.90130549112361,99.57694779441012,74.6456752127665,1.0
5.596445453395612,99.07276089365662,92.31140338703406,100.0,1.0
3.741613431099408,48.33813946916745,76.61528861295476,57.007897497795184,1.0
8.001787079591924,90.33816725816516,94.74479811456605,89.91403668988333,1.0
2.610308298005753,82.15631420340415,71.81169829530447,58.00152893743663,1.0
6.09804241116469,92.43245358629777,100.0,87.26976362808517,1.0
6.028815934286197,91.25055026655869,93.52450386194381,96.08312789390054,1.0
3.8390570645652695,63.57999441119511,100.0,76.17436566635044,1.0
5.275463332875722,83.80449253635574,80.79517995936754,90.9510138219182,1.0
2.3975400003001437,72.10056832256139,68.99737730797828,62.67607300322471,1.0
7.113636029164276,50.452316462791536,88.97738436749962,80.18033265366937,1.0
4.085928231605539,64.51383277821571,81.97641821712531,73.50981589565968,1.0
3.4509118129773295,82.21230827716937,96.38646418431624,87.56930710922617,1.0
7.572358766613438,89.35320120778701,97.86641687815647,74.96822231912209,1.0
3.151341246422212,84.50764334790233,76.10943645531134,66.39531184447404,1.0
2.2161453365456794,67.68376457208346,75.63302855669852,76.04768460397528,1.0
2.0578986991435455,59.71476059935665,67.21789465645719,56.24090876523138,1.0
6.067853849043979,65.35355739703928,96.61599622391446,81.81256549789049,1.0
2.362653433684602,88.27370094429635,64.04702077510572,50.10827770448007,1.0
10.776815255540692,96.04190344950958,100.0,84.90776516189597,1.0
1.5825465594521375,93.29605371195251,76.09981478925096,80.9133954759179,1.0
10.467007675163687,89.61731685849583,100.0,77.66242791628365,1.0
4.980392651451064,79.23361896553318,85.45259368291804,81.40017166711857,1.0
4.270126465712383,97.36897395765327,73.62500865005693,72.43352595525039,1.0
3.412825213383711,57.199496537588935,83.0968247264733,67.72003272786365,1.0
5.471583470008849,84.4923289783301,100.0,84.65906945708997,1.0
4.398144066128268,88.99375467006169,89.07332809041355,76.22184301267792,1.0
7.78073604473914,58.148029181225056,90.05006775844957,71.448885490704,1.0
4.745106252506629,78.82472551260238,81.17288103269827,80.02388362389853,1.0
4.831470538925266,75.44051276528414,87.73889967002839,73.0489818081185,1.0
3.7366664629328183,76.96820047204362,80.83852344785457,86.44132908544537,1.0
4.355882315837224,63.19142131159197,94.32914867138759,81.0649483566354,1.0
5.2273313224068625,94.71400731616596,90.68830958510728,77.8145227405821,1.0
1.9058265589178485,77.81815256571014,71.39498220860683,73.32704567905172,1.0
2.2839520300020744,68.2701039326421,66.81853958507378,65.41816604069267,1.0
6.498894249776728,72.6755511180347,91.2242538399025,65.15867638971741,1.0
4.881403197790161,79.12111648666064,88.51442718707546,69.50855147214465,1.0
4.087805738449983,88.81562552723571,92.09772524429943,81.30817036683744,1.0
4.523187600005734,88.3826798864671,100.0,75.00767250193185,1.0
5.33234366041724,90.66219028318604,94.53859376788124,100.0,1.0
3.421640655401066,97.61157944591768,73.26097267688553,77.38285421931813,1.0
3.03693152017347,86.62533466491612,89.9948130790361,80.2147733120168,1.0
4.942753811237308,95.23068488869205,86.78731195608229,77.0556029180899,1.0
2.7478357757227134,74.63476600175044,77.96342681131019,64.70404273339523,1.0
5.496581633637331,75.97400699664803,94.30462000579428,65.49577813961832,1.0
1.9130679269060777,78.67108189937474,65.65892591201114,47.83247530511771,1.0
7.497561382447177,86.77445965021685,100.0,100.0,1.0
5.676295056982672,65.19852883972182,99.13850879736808,95.0254590399627,1.0
5.093752899108138,88.31602117780498,59.312274377095164,54.57557426013529,1.0
7.32538337906739,73.05692220728935,100.0,91.87537769091753,1.0
10.306113081404469,75.03211009373734,100.0,89.05778821872372,1.0
7.442337893705417,71.28140838665378,100.0,89.2505853305215,1.0
1.7852578959766479,69.36685690986279,68.04067781012702,50.100423733055834,1.0
2.363660594363743,75.06613308126269,84.45770236738025,59.66819489317743,1.0
3.2791712118464886,81.99185225319414,83.22102779095704,84.11384477686786,1.0
4.540538081140997,41.780440394157395,73.45269150715585,43.938585709545926,1.0
5.805637976021295,80.19780630648341,81.12116643282872,71.63882943321667,1.0
3.1178014607732734,92.61500669472684,78.27993022823772,70.37733388896947,1.0
4.920368284316055,69.87008954792195,70.41032131827362,59.580035138964654,1.0
3.0719376959802793,91.85820056615093,74.94059774396382,73.34566511233011,1.0
3.301051646638455,85.50568246144489,79.13778064698346,67.07684350694979,1.0
2.218140986433317,92.57144434144496,65.84566938285052,67.77214113600473,1.0
2.8246469319428895,67.19597289500476,75.22203096081525,67.22385956910118,1.0
2.279959539993101,79.91401870669563,69.200281527493,81.21285964298762,1.0
2.751272064158237,56.49347978056524,69.1117279667386,48.593630398285036,1.0
7.5899188397774635,71.21098009540606,78.66642239312034,69.54284356550406,1.0
2.7879332635666225,90.07008845685321,65.34311155173529,67.20495657660744,1.0
15.0,53.88369463005189,100.0,78.72551848175202,1.0
5.735408345728906,81.89342238556489,100.0,75.68208361401028,1.0
4.915620844248478,61.66631031788077,69.75437095363455,71.21814397636189,1.0
2.917774330048868,52.80305393026554,65.00388900416085,58.75880773011812,1.0
6.360804987501158,89.04557858255022,100.0,77.6739420130973,1.0
3.3608068762309826,84.83950563700569,75.253477036036,73.15467875309241,1.0
4.76360582308049,56.532549407655296,85.05171665128232,84.45524009785154,1.0
15.0,62.667213942574385,100.0,82.24291532118751,1.0
4.271521342723265,83.08797307469196,85.20704145048181,76.24482227451115,1.0
7.961653171406471,88.29785814954163,100.0,100.0,1.0
3.1531810090696726,64.2317901438147,75.4587482164275,57.904409926252164,1.0
4.403967128187021,87.46716600672396,100.0,100.0,1.0
10.863410611411563,83.92689443507163,100.0,94.56866744996023,1.0
3.2756504862036993,76.16989382937118,80.34797256159352,64.08380784714957,1.0
11.09200167760892,91.62766832632609,100.0,82.97938166651231,1.0
6.384517811791135,65.59570866314878,100.0,78.92063906317144,1.0
3.3830125924097154,74.26077402456548,87.25763518911253,61.263985725395145,1.0
6.148473683845455,72.31302908310518,86.21973832002186,76.90019663320338,1.0
7.288350305087012,79.11126279145563,100.0,78.7906765323083,1.0
6.115979774676983,73.60640297364053,95.60217586033025,84.01521426840972,1.0
2.043957010458099,57.978743959398095,66.14438440822187,47.56927187503319,1.0
3.1156301031471205,81.1711888475229,70.88195164495924,73.23570981613204,1.0
3.959986761575248,95.83818338766032,85.21970167195734,84.72243528894622,1.0
4.317960936773782,82.49662316182444,78.70823573749277,65.9480575361281,1.0
6.112501185668321,85.1413523183082,89.14352991887773,82.30593466993297,1.0
4.898115309763019,79.75486193644977,95.82867357638295,83.69440836523465,1.0
2.2986633932565628,93.78443036320422,70.2784363451261,79.8101874034524,1.0
5.420016856504946,94.585815787614,85.47349537187527,70.48877817467651,1.0
6.081752366599575,79.58949130068255,100.0,84.69951443218334,1.0
5.929235144298467,77.6816797566411,85.9437190595159,70.57147019932715,1.0
7.6936119124807645,82.5692851561437,100.0,86.87240260803009,1.0
6.800261567658839,60.8477749148534,82.2131576511722,73.98495416105996,1.0
5.638341937716544,66.21917158151123,97.55455000493427,76.31756029516657,1.0
4.327184693403456,91.44010167256964,88.43535576688599,77.27991960022042,1.0
1.9532986000962056,82.50291718240366,61.95053595194723,67.59428498730269,1.0
5.555614897396741,70.70012110774645,95.59284462597536,91.91361275514359,1.0
4.972107744074727,79.48419365643515,93.05587111569464,84.9840767938963,1.0
5.1335088852789585,62.58301211586003,81.40839836907529,68.39877649157944,1.0
2.3670056371544947,77.25782603200716,63.49731163407211,58.03490798195472,1.0
2.610317156352106,63.18169302798796,56.494796089615875,56.567706498147025,1.0
7.588063546682964,79.85464115524438,100.0,87.79306424228784,1.0
4.3939228820628085,77.9930649179166,76.02372502589266,55.62341379857776,1.0
6.301264633230965,90.15687274204006,100.0,92.61045640687124,1.0
4.545597526955371,90.3616379768867,98.098624349716,79.85680632479804,1.0
4.548866448597328,92.35882190583699,94.70357840042357,73.42877799365868,1.0
7.164525991516812,72.21216530722837,94.21752988876906,67.0479448787142,1.0
3.462454171961609,86.5492269563067,92.66204375061143,80.44444104722278,1.0
4.7023406174707265,82.56898335042024,87.41000601615876,69.56860598393435,1.0
3.5568038819636483,80.19450740890623,69.77701828864323,46.27192180591793,1.0
3.6065509000558853,65.43080357141585,77.8427354989261,64.70843150883697,1.0
3.839775641752115,75.45135551756191,90.1617898440987,74.27895731529455,1.0
5.008151504403093,87.16108464746704,87.62003939478846,77.56703558857828,1.0
3.5276279956257572,98.24710206943948,95.08335303201282,81.17658390395785,1.0
8.397029923479371,78.12598995024229,100.0,100.0,1.0
2.8653667398135703,90.94792970892404,72.83012536551676,73.30937205511566,1.0
4.081906578505315,84.13034386174868,77.27756794129455,66.9234597422841,1.0
3.597123401336184,83.88012917840835,90.96703053162278,79.94393250823872,1.0
9.239510815224735,70.30960083835562,100.0,95.37906150763392,1.0
4.944507617145964,70.51852037543136,80.47619625005323,78.09002394400746,1.0
7.5076482660227475,77.15692823466733,100.0,74.2616911319332,1.0
2.1323396699585295,81.02378943034005,39.39691576623532,35.98827443581969,0.0
5.121898304505247,65.10623601691428,97.82205197817053,75.2419085959155,1.0
6.992340934445543,69.27131933977793,98.25203961735515,79.11309199261773,1.0
4.669920250889693,97.79654713432139,70.5287609049761,64.16605643733921,1.0
7.634978995090873,93.82619387447633,94.61278072439006,85.26625932085693,1.0
3.460301676296192,49.282147895254255,72.37540397437658,66.40498284926555,1.0
9.067292609767014,60.68607148011977,92.10831875615004,83.83431974038886,1.0
14.14624279265171,67.00325613856315,100.0,80.7862724845183,1.0
3.7381121818548584,84.50638588787207,89.5093748295857,66.48029140824923,1.0
3.5867580318299312,74.03596150250128,85.77089750635795,66.52354101997689,1.0
9.26915516125499,65.25848221477966,81.18470606116571,65.72279236873169,1.0
9.87282538999652,67.62525274792853,100.0,73.56477487557484,1.0
3.450675422167941,69.5973921028993,73.33933142481187,74.38388231156108,1.0
3.632447238283524,86.31153752770328,75.32695626381128,60.554848421562724,1.0
3.8927182618782257,77.69190704520229,80.96134451144769,77.14782692493547,1.0
2.288221193859969,50.3470256809454,55.9875889155805,35.80567453691513,1.0
2.831124625141278,78.17163288380581,78.85577785553909,76.09097988600695,1.0
2.7126597648717654,79.97061697776037,83.57189446423305,73.38029986717451,1.0
3.0529282666241677,99.23523157698925,89.1490433021545,94.3516222453264,1.0
4.404635707990089,85.28077912555035,88.78863819985483,70.1557017126378,1.0
5.038494697132393,71.57008826950153,100.0,79.80109924900755,1.0
9.73035369396317,88.76935407296548,100.0,84.79041000330959,1.0
2.7205198398266774,74.18199115276359,74.01412836670166,65.42628752604138,1.0
7.331361185251035,80.41144175644529,99.48725110914809,82.95551748047279,1.0
4.026935149786372,82.86704196681134,100.0,83.95997986609038,1.0
4.372208002233496,81.0711553796601,99.14428026865798,82.87072691690729,1.0
6.28024973295342,81.91444951617461,85.85157106901532,59.909550590901915,1.0
2.5564996259353348,54.09477650343224,81.15690818893285,75.57546704580157,1.0
5.426014426967957,69.78065704858687,91.19222226698075,100.0,1.0
4.870643695885328,82.62444053089445,83.92028046990472,77.65525327192009,1.0
5.732923625928917,54.61967786244551,70.90320840485394,51.47017467302051,1.0
5.17885672242038,41.61279624827388,82.31197540328891,57.66463298517071,1.0
15.0,66.74788950651045,100.0,88.25496991643465,1.0
3.258053749932018,91.81787496766239,98.72193834330372,90.55268764063102,1.0
3.4366649934858096,74.29277449116553,90.65604038185519,76.04346228110504,1.0
3.2819236750884215,62.908689490749815,71.96801027166502,68.98658005534895,1.0
3.3948563246345134,93.20473888845524,88.15223777875768,63.83643384878549,1.0
3.2586286140878236,54.255686599921745,84.31287695755752,75.90264820812361,1.0
8.121446393212857,87.52615181744355,100.0,89.40731968024785,1.0
9.118014973625428,74.89117029798894,100.0,77.01065013333192,1.0
3.369036684232872,50.3854367155874,70.82877286759923,48.190636923391466,1.0
2.9559562821531524,80.72924380043085,82.11287244601932,74.5954777342647,1.0
5.672941567543015,74.25265375736548,99.19833130230384,95.54726775722789,1.0
3.4003843789330417,75.08788441968167,78.01988996994181,67.80675400691932,1.0
6.1500850370027775,82.64044776800866,73.30708780113476,61.02157088453333,1.0
4.960276625370099,77.47879764100199,79.01128388951726,72.3339643319525,1.0
2.1004002934675237,86.83022032430362,76.76655821957871,85.66960929955361,1.0
9.715791978052849,74.45356841069774,90.05744707072054,81.38132513615366,1.0
11.000479211681345,96.93957799176584,100.0,93.70313150402843,1.0
3.298954680336275,73.04764935029372,90.13719985620244,87.4879588571649,1.0
3.691929495994253,88.71761608069745,86.2000096777934,81.86398918566545,1.0
5.170310244682042,87.84941748015694,100.0,81.32212583875017,1.0
5.297464950972298,73.90176380038909,98.29019100671619,69.62696684959485,1.0
6.229350889853921,65.8017209882568,94.55570316172154,71.97611145263033,1.0
12.244811171054362,91.33529280377098,100.0,79.4292481199728,1.0
4.102212188012465,88.63148588087768,98.46964077158461,91.92951067237539,1.0
3.006724793083738,76.02155937784958,91.9611486939071,85.96390037209774,1.0
2.248673273307132,90.84984495840928,60.75070312434403,62.100037672446575,1.0
3.1097271214080617,87.1590437757621,66.61971733565387,53.91607507536475,1.0
4.4080680675941855,71.67951980248507,85.95273941447888,88.7955977420458,1.0
10.993222337456103,78.06969029541837,100.0,82.28425634836697,1.0
3.459743144020924,79.22100977491759,83.63210079298871,79.2145205924879,1.0
5.012295409899029,66.6444800457454,100.0,83.72349470274555,1.0
4.445038596092591,79.75493292639685,66.80605063767621,64.38452989765203,1.0
8.118915910683729,92.20791903101389,100.0,92.98705583292596,1.0
15.0,87.63151997303034,100.0,81.95814270179845,1.0
3.436885259980425,99.62389699766997,90.92096578926068,94.01267486213779,1.0
3.508821684659437,84.9929639989438,89.8384610540462,67.24947220092292,1.0
7.554024280440244,97.448474196586,100.0,81.18124439103012,1.0
6.302495996232377,73.1028010766828,98.49250795022641,93.9047507751917,1.0
11.283637447838247,91.90413083084363,100.0,93.1008642550045,1.0
6.00122786623038,96.73937109488182,100.0,100.0,1.0
3.7447466130241187,64.27137269124422,75.13224417560751,65.99364901039914,1.0
6.021445912888455,84.89024634335874,81.82473636000456,87.85879909234768,1.0
7.801779044301766,45.16553294063084,84.46110715702197,53.29605133673432,1.0
6.754717101029003,85.8109979524338,100.0,75.8540798049092,1.0
5.775570362230726,87.68959511876116,90.93734309294967,88.3582634881528,1.0
7.639539639817788,65.72583889256761,93.77975507781059,64.86805372806506,1.0
8.0417586370475,67.13256417002094,100.0,81.84757197792827,1.0
8.944863845238274,78.43022028077193,100.0,95.02371672533165,1.0
6.198795157894682,86.23062194276676,98.10355762061754,89.92798483889497,1.0
4.122422433377327,61.866784651487386,90.19444569688571,75.5982306806741,1.0
4.822810470096239,74.15128814666865,86.17170030661711,71.55758809333119,1.0
8.192789869404963,64.49108742522651,100.0,84.51602448178103,1.0
2.978834642608903,96.74179445507707,85.64092973262069,83.91499668285414,1.0
5.388875060097496,80.21914384191933,90.78427940711005,74.30566965747143,1.0
3.681537978585549,67.66575747262323,74.79449522295748,68.86318637469125,1.0
4.54656685806337,89.26931047955783,100.0,96.48130804950125,1.0
8.49286102598062,74.78544500763988,100.0,83.1772639351291,1.0
4.931038100840022,93.4891232532028,72.76253110576525,70.17657922580145,1.0
4.586963572314608,62.03022613204189,79.6694183400248,72.04486873644795,1.0
2.270663159347025,83.30708465804823,64.1518807153362,65.97840716106295,1.0
6.5086156446361585,87.34274603971481,96.2008270131009,91.83675670110112,1.0
6.188805469253874,89.84097998488345,100.0,79.85319634912109,1.0
13.218632160738169,83.52096633709975,100.0,82.47281324833747,1.0
3.8424526841032365,72.21738763768471,69.77889301867242,59.3536731042104,1.0
5.000686304086365,83.68864587996636,89.7096347752089,72.30317619733808,1.0
5.0768543220942,60.61957402311017,94.20296152675934,63.678676502491044,1.0
9.86237133180168,80.81751917421015,100.0,60.12767230446037,1.0
4.273154160419847,77.38309960836163,81.20137813521652,81.88120631034772,1.0
5.152648028827982,63.57038102923611,93.17174646236192,65.50315469392022,1.0
6.073580229643347,96.79542192861574,100.0,100.0,1.0
4.919980472922646,50.95706810973647,90.39990752285422,79.38662479687694,1.0
3.5850886175385,85.76705203616758,97.40551044865916,82.09176068284489,1.0
4.938417799762043,94.97369212915851,89.90870039993334,86.8622055443029,1.0
7.666160282185276,75.15347645518567,100.0,88.43176126474691,1.0
2.6824816377380754,77.29652384396987,74.89949405217135,59.074755701795716,1.0
4.789781703840832,80.71912030344433,92.80795685090541,80.9895716672856,1.0
3.1580021370097326,90.50324983255085,86.15234762107183,70.56858312092851,1.0
8.14596990250969,96.05114885832211,100.0,94.44325378903315,1.0
2.0925984005077867,61.80703666215044,73.42122595961558,58.03449788976589,1.0
3.3890141787221193,98.86781863632224,68.97823781725913,67.28529390977245,1.0
5.411930874176232,87.74986580575866,83.47811103519115,74.86625953369953,1.0
9.80372106988653,87.71371159404153,100.0,88.51537432312337,1.0
4.336748481288304,75.2978314988255,82.52608135589432,86.1282638978033,1.0
3.3953275506071807,79.63373446732577,89.04638154222465,76.33152931017507,1.0
11.479680215609486,87.72441290506637,100.0,97.28829971680939,1.0
2.1727487038603788,56.20685646769633,43.832439686186866,45.76405502855037,1.0
1.4927156152654888,79.8239470064515,73.21040691699858,78.55929461148196,1.0
5.584568812788886,86.68845194054965,100.0,84.63020410959138,1.0
3.4867598241656736,78.67379213448883,98.69469932350783,90.3901378891098,1.0
2.6895760835441656,93.49569979077779,66.0800223223969,64.48101140303066,1.0
6.3864478617783,50.54602028631807,100.0,56.194059887957906,1.0
5.0627021215777885,69.02664783670592,83.20934052110448,63.333119251950514,1.0
3.380287228165528,38.5030704144449,84.58481511410602,71.5690002303852,1.0
2.36280104958815,81.33789511845943,72.28970977367955,71.00049519550755,1.0
6.932556608476877,94.72510650677225,100.0,78.58520219227506,1.0
6.2034189833062685,69.63001396579135,97.03862938415759,83.6159837527726,1.0
4.264871570699525,87.21976134523055,71.24202465371815,71.33945133885285,1.0
11.283240667461966,76.39313371774547,85.45195339175018,74.81766955987337,1.0
2.624676412028753,97.6308448600068,80.00897915100958,81.36300347898515,1.0
2.0901533041145535,67.3681485802617,65.0689346812366,63.762326456348106,1.0
3.170996732296228,75.70311738389131,83.20055881037015,73.09986600879971,1.0
4.380693266219751,65.69111405746104,83.36716327510854,67.40863855315523,1.0
5.061534633962063,95.39795595320992,100.0,97.41992392738207,1.0
3.9724457822722115,69.62225846368453,86.36166246431546,78.0829122007883,1.0
5.344284639830043,92.52085128848061,93.08654416470746,72.61328995274896,1.0
2.3970295610709957,57.589297993872734,72.74941952449619,64.20963451457298,1.0
9.224678164829218,78.64083585325142,100.0,76.51996949498842,1.0
4.301330574669429,77.79540611518844,88.84818056472463,70.03626415891154,1.0
7.835368566959558,87.64685668959893,96.16448276552661,79.62922899070331,1.0
5.3194114800784185,94.1155950457007,97.69404580821764,87.5679369601701,1.0
5.631504353552584,82.07425482805925,91.9261024446981,83.7590072976308,1.0
5.958886531895472,59.51664227810544,81.70605143794866,65.82602934825498,1.0
5.6060943344472305,70.30849952551775,100.0,81.14023897475367,1.0
6.180266416050939,59.650446443196635,83.14494618980109,66.10560237908663,1.0
8.710910017833578,95.60737421459977,100.0,97.50158393962099,1.0
4.9444245332797365,90.70909242031784,86.74385780835414,56.038970921114235,1.0
6.388515203019121,73.53331455825291,100.0,82.23724363425232,1.0
4.285049709744803,80.89900210054135,75.7141110883619,81.53955654502053,1.0
9.207870502408474,84.35857014911204,100.0,91.00955443204151,1.0
3.1956926269096573,87.8521519421269,100.0,97.70520831296238,1.0
11.028360878389192,89.31106323173536,100.0,71.5882217702597,1.0
4.392598760317586,90.96566323677025,100.0,78.25513879560107,1.0
2.1915574357254384,61.22400358886699,64.07530817265521,61.20990156412379,1.0
4.778144099733298,73.79088731689325,100.0,97.16322220944,1.0
3.188256358453472,86.12878955740139,100.0,78.09586817672246,1.0
6.823153632908162,91.26146883159231,100.0,85.15019950466628,1.0
3.23389731952314,90.0295266730601,67.11587140489036,68.19872845297122,1.0
3.585537106718377,68.10800434187732,90.51879659487345,65.3647713080853,1.0
1.7423410405001303,74.74563276927853,66.89000677142543,65.94566137050137,1.0
3.574576974650438,75.11589918734161,87.30761662586849,54.73303428328637,1.0
1.3338377810462365,84.88713857931084,56.78228040638052,60.66293971604737,1.0
2.0300259744291616,92.87405088836955,61.739038772255114,53.83145757514974,1.0
6.5548637285807505,66.87103090716748,100.0,79.79342865730219,1.0
6.6385932381987045,45.96591063191742,95.7105498196031,81.4056385836014,1.0
5.544069405797502,89.62723368378566,83.57466789966249,80.00573151045887,1.0
2.7635385128028913,94.505663988072,85.6594911792322,78.7989269882633,1.0
4.376040507985115,86.88493682810035,95.1775275926525,91.75358109355962,1.0
4.47362360652215,80.01310463788639,86.24772507640873,62.77462038011279,1.0
2.511342963817861,77.86401347464576,89.82273296602908,80.08403074316081,1.0
9.503870634934716,79.67636570995936,100.0,79.61391209512401,1.0
6.9495794384175085,82.26221950179476,100.0,93.79669564979885,1.0
4.0129150127849,75.54644365171647,93.20969495322389,85.85261175468897,1.0
4.542342824084028,89.9807604301248,92.8386384944864,88.76998478307749,1.0
4.973836152138115,63.19018584541286,74.95868346831409,78.2721702585595,1.0
1.6146731717925151,65.07655531486665,63.68492420755626,66.60553826774253,1.0
3.9606624979652527,88.29808904189996,83.57119204318403,74.90008156842151,1.0
3.186770036180657,93.83613814302595,91.16404403175702,82.57191562293512,1.0
2.7160808982319327,82.7275130745033,77.90315955753327,75.88522135086775,1.0
3.8940504144140617,82.02357628194272,86.9274708670245,78.34334226128833,1.0
11.010432841226823,38.47029851375405,93.61544678498579,78.8662590275186,1.0
6.174460008249682,75.73162884220072,95.61684153062792,64.23555144169546,1.0
3.368307878668844,78.19043333129477,90.9706635299583,94.36397928757629,1.0
5.96728106507758,89.3371090295542,92.44319232134227,83.06588509930098,1.0
